rank,lstm_units,n_lstm_layers,dense_units,dropout,recurrent_dropout,learning_rate,batch_size,optimizer,val_acc,test_acc,val_test_gap
1,32,2,32,0.1,0.1,0.002,256,adam,0.974904477596283,0.9739958047866821,-0.0009086728096008301
2,32,2,32,0.1,0.2,0.002,256,adamw,0.9738515615463257,0.9716737866401672,-0.0021777749061584473
3,128,1,16,0.1,0.1,0.001,256,adam,0.9654864072799683,0.966943085193634,0.0014566779136657715
4,32,2,64,0.1,0.2,0.001,512,adam,0.9646066427230835,0.9609720706939697,-0.0036345720291137695
5,64,2,64,0.1,0.2,0.0005,512,adamw,0.9641450643539429,0.9630345702171326,-0.0011104941368103027
